INSERT INTO companies (company_id, company_name, location) VALUES
(1, 'Google', 'Pune'),
(2, 'Microsoft', 'Hyderabad'),
(3, 'Amazon', 'Delhi'),
(4, 'Apple', 'Chennai'),
(5, 'Meta', 'Kolkata'),
(6, 'Netflix', 'Delhi'),
(7, 'Adobe', 'Chennai'),
(8, 'Oracle', 'Ahmedabad'),
(9, 'IBM', 'Pune'),
(10, 'Intel', 'Kolkata'),
(11, 'Tesla', 'Chennai'),
(12, 'Uber', 'Kolkata'),
(13, 'Airbnb', 'Ahmedabad'),
(14, 'Salesforce', 'Bangalore'),
(15, 'Spotify', 'Mumbai');

INSERT INTO users (user_id, name, email) VALUES
(1, 'Curtis Jones', 'user1@example.com'),
(2, 'Steven Mcpherson', 'user2@example.com'),
(3, 'Mark Arellano', 'user3@example.com'),
(4, 'Tracey Martinez', 'user4@example.com'),
(5, 'Nancy Bartlett', 'user5@example.com'),
(6, 'Kathleen Bennett MD', 'user6@example.com'),
(7, 'Laura Moore', 'user7@example.com'),
(8, 'Joseph Mcknight', 'user8@example.com'),
(9, 'Sheila Rodriguez', 'user9@example.com'),
(10, 'Dan Jennings', 'user10@example.com'),
(11, 'Albert Walker', 'user11@example.com'),
(12, 'Shelly Williams', 'user12@example.com'),
(13, 'Jean Galloway', 'user13@example.com'),
(14, 'Kelsey Thompson', 'user14@example.com'),
(15, 'Benjamin Miles', 'user15@example.com'),
(16, 'Kendra Wilson', 'user16@example.com'),
(17, 'Andre Myers', 'user17@example.com'),
(18, 'Paul Munoz', 'user18@example.com'),
(19, 'Raymond Fischer', 'user19@example.com'),
(20, 'Raymond Diaz', 'user20@example.com'),
(21, 'John Lawson', 'user21@example.com'),
(22, 'Zachary Pierce', 'user22@example.com'),
(23, 'Nathan Compton', 'user23@example.com'),
(24, 'Melinda Mendoza', 'user24@example.com'),
(25, 'Diana Phillips', 'user25@example.com'),
(26, 'Sarah Jimenez', 'user26@example.com'),
(27, 'Michael Owen', 'user27@example.com'),
(28, 'Christopher Patterson', 'user28@example.com'),
(29, 'Kevin Peterson', 'user29@example.com'),
(30, 'Kevin Moss', 'user30@example.com'),
(31, 'Samuel Andrews', 'user31@example.com'),
(32, 'John Wilson', 'user32@example.com'),
(33, 'Troy Garcia', 'user33@example.com'),
(34, 'Christopher Harris', 'user34@example.com'),
(35, 'Ricardo Murphy', 'user35@example.com'),
(36, 'Daniel Rodriguez', 'user36@example.com'),
(37, 'Joseph Ruiz', 'user37@example.com'),
(38, 'Brian Miller', 'user38@example.com'),
(39, 'Jennifer Johnson', 'user39@example.com'),
(40, 'Jacob Berg', 'user40@example.com'),
(41, 'Meagan White', 'user41@example.com'),
(42, 'Valerie Montes', 'user42@example.com'),
(43, 'Shannon Hayes', 'user43@example.com'),
(44, 'Joshua Yoder', 'user44@example.com'),
(45, 'Zachary Dalton', 'user45@example.com'),
(46, 'Seth Roach', 'user46@example.com'),
(47, 'Ronald Mathews', 'user47@example.com'),
(48, 'Barbara Franklin', 'user48@example.com'),
(49, 'Dr. Chad Smith', 'user49@example.com'),
(50, 'Julia Garrison', 'user50@example.com');

INSERT INTO skills (skill_id, skill_name) VALUES
(1, 'Python'),
(2, 'Java'),
(3, 'C++'),
(4, 'SQL'),
(5, 'Machine Learning'),
(6, 'Data Analysis'),
(7, 'Web Development'),
(8, 'React'),
(9, 'Node.js'),
(10, 'Docker'),
(11, 'AWS'),
(12, 'Git'),
(13, 'Linux'),
(14, 'Algorithms'),
(15, 'Testing');

INSERT INTO jobs (job_id, company_id, title, salary, location) VALUES
(1, 2, 'DevOps Engineer', 975882, 'Delhi'),
(2, 13, 'Backend Developer', 688737, 'Hyderabad'),
(3, 10, 'Data Analyst', 950357, 'Kolkata'),
(4, 8, 'Backend Developer', 469511, 'Mumbai'),
(5, 10, 'Backend Developer', 1113336, 'Kolkata'),
(6, 11, 'DevOps Engineer', 871989, 'Ahmedabad'),
(7, 11, 'Data Scientist', 510986, 'Mumbai'),
(8, 11, 'Backend Developer', 1387834, 'Pune'),
(9, 11, 'Full Stack Developer', 803899, 'Kolkata'),
(10, 4, 'Frontend Developer', 910904, 'Hyderabad'),
(11, 9, 'AI Engineer', 498535, 'Ahmedabad'),
(12, 2, 'System Engineer', 418567, 'Ahmedabad'),
(13, 14, 'DevOps Engineer', 998377, 'Mumbai'),
(14, 12, 'DevOps Engineer', 829898, 'Bangalore'),
(15, 15, 'Data Analyst', 458268, 'Kolkata'),
(16, 12, 'Software Engineer', 516244, 'Chennai'),
(17, 8, 'Security Engineer', 735889, 'Chennai'),
(18, 5, 'QA Engineer', 612689, 'Hyderabad'),
(19, 11, 'Security Engineer', 896077, 'Hyderabad'),
(20, 10, 'Frontend Developer', 575669, 'Delhi'),
(21, 6, 'AI Engineer', 1428659, 'Kolkata'),
(22, 1, 'System Engineer', 422438, 'Delhi'),
(23, 9, 'Database Administrator', 830464, 'Pune'),
(24, 11, 'Security Engineer', 474363, 'Chennai'),
(25, 15, 'Frontend Developer', 658297, 'Hyderabad'),
(26, 10, 'Cloud Engineer', 998074, 'Chennai'),
(27, 1, 'Data Analyst', 1318598, 'Chennai'),
(28, 8, 'Frontend Developer', 1361681, 'Chennai'),
(29, 13, 'Cloud Engineer', 596022, 'Chennai'),
(30, 8, 'DevOps Engineer', 1288084, 'Kolkata'),
(31, 1, 'Data Scientist', 1408065, 'Pune'),
(32, 15, 'ML Engineer', 1397522, 'Ahmedabad'),
(33, 6, 'Data Analyst', 851842, 'Kolkata'),
(34, 12, 'Backend Developer', 1329978, 'Kolkata'),
(35, 14, 'AI Engineer', 888812, 'Delhi'),
(36, 3, 'Cloud Engineer', 1079870, 'Bangalore'),
(37, 3, 'System Engineer', 1049433, 'Chennai'),
(38, 6, 'ML Engineer', 1176324, 'Delhi'),
(39, 5, 'Security Engineer', 997119, 'Mumbai'),
(40, 3, 'Data Analyst', 819720, 'Kolkata'),
(41, 5, 'Data Scientist', 416929, 'Bangalore'),
(42, 13, 'Mobile App Developer', 1390484, 'Bangalore'),
(43, 4, 'Data Scientist', 1181045, 'Bangalore'),
(44, 3, 'Security Engineer', 492551, 'Kolkata'),
(45, 2, 'Frontend Developer', 1202088, 'Hyderabad'),
(46, 9, 'QA Engineer', 1404683, 'Delhi'),
(47, 11, 'Backend Developer', 559485, 'Chennai'),
(48, 15, 'Full Stack Developer', 546369, 'Delhi'),
(49, 7, 'Mobile App Developer', 916414, 'Kolkata'),
(50, 6, 'Full Stack Developer', 803533, 'Delhi'),
(51, 8, 'Backend Developer', 405229, 'Hyderabad'),
(52, 1, 'System Engineer', 625341, 'Bangalore'),
(53, 13, 'Software Engineer', 469969, 'Bangalore'),
(54, 2, 'Mobile App Developer', 484532, 'Pune'),
(55, 6, 'Data Analyst', 995382, 'Delhi'),
(56, 15, 'Data Scientist', 1252406, 'Bangalore'),
(57, 10, 'Database Administrator', 676344, 'Bangalore'),
(58, 9, 'AI Engineer', 823950, 'Ahmedabad'),
(59, 10, 'Full Stack Developer', 820825, 'Ahmedabad'),
(60, 2, 'Database Administrator', 987953, 'Delhi');

INSERT INTO job_skills (job_id, skill_id) VALUES
(1,6),
(1,15),
(1,2),
(2,2),
(2,9),
(2,13),
(3,4),
(3,9),
(3,11),
(4,9),
(4,14),
(4,11),
(5,12),
(5,14),
(5,15),
(6,15),
(6,9),
(6,1),
(7,2),
(7,6),
(7,12),
(8,4),
(8,5),
(8,6),
(9,10),
(9,14),
(9,15),
(10,6),
(10,2),
(10,7),
(11,2),
(11,1),
(11,6),
(12,6),
(12,7),
(12,8),
(13,14),
(13,5),
(13,2),
(14,13),
(14,7),
(14,2),
(15,5),
(15,4),
(15,8),
(16,5),
(16,3),
(16,11),
(17,13),
(17,14),
(17,4),
(18,12),
(18,1),
(18,4),
(19,14),
(19,11),
(19,12),
(20,11),
(20,7),
(20,8),
(21,13),
(21,11),
(21,8),
(22,14),
(22,10),
(22,11),
(23,2),
(23,11),
(23,13),
(24,15),
(24,8),
(24,9),
(25,2),
(25,3),
(25,13),
(26,14),
(26,11),
(26,9),
(27,7),
(27,15),
(27,2),
(28,10),
(28,2),
(28,5),
(29,1),
(29,2),
(29,10),
(30,2),
(30,15),
(30,7),
(31,15),
(31,8),
(31,7),
(32,12),
(32,15),
(32,8),
(33,4),
(33,12),
(33,2),
(34,15),
(34,4),
(34,8),
(35,2),
(35,7),
(35,5),
(36,1),
(36,13),
(36,10),
(37,12),
(37,8),
(37,11),
(38,7),
(38,9),
(38,11),
(39,1),
(39,15),
(39,5),
(40,2),
(40,1),
(40,7),
(41,4),
(41,10),
(41,11),
(42,2),
(42,12),
(42,7),
(43,10),
(43,5),
(43,11),
(44,14),
(44,13),
(44,2),
(45,8),
(45,15),
(45,14),
(46,15),
(46,11),
(46,2),
(47,10),
(47,5),
(47,8),
(48,8),
(48,7),
(48,14),
(49,3),
(49,12),
(49,13),
(50,2),
(50,6),
(50,1),
(51,3),
(51,13),
(51,5),
(52,10),
(52,3),
(52,6),
(53,7),
(53,1),
(53,15),
(54,8),
(54,4),
(54,10),
(55,11),
(55,7),
(55,9),
(56,2),
(56,6),
(56,4),
(57,4),
(57,8),
(57,7),
(58,15),
(58,5),
(58,11),
(59,2),
(59,5),
(59,14),
(60,11),
(60,7),
(60,8);

INSERT INTO user_skills (user_id, skill_id) VALUES
(1,4),
(1,10),
(1,8),
(2,14),
(2,6),
(2,3),
(3,15),
(3,11),
(3,9),
(4,3),
(4,8),
(4,14),
(5,5),
(5,6),
(5,9),
(6,15),
(6,7),
(6,6),
(7,11),
(7,3),
(7,2),
(8,13),
(8,15),
(8,6),
(9,7),
(9,3),
(9,4),
(10,9),
(10,4),
(10,14),
(11,5),
(11,4),
(11,9),
(12,5),
(12,9),
(12,6),
(13,11),
(13,8),
(13,10),
(14,12),
(14,10),
(14,11),
(15,4),
(15,6),
(15,13),
(16,9),
(16,6),
(16,12),
(17,1),
(17,7),
(17,9),
(18,12),
(18,7),
(18,2),
(19,10),
(19,11),
(19,7),
(20,15),
(20,12),
(20,3),
(21,8),
(21,14),
(21,4),
(22,1),
(22,15),
(22,10),
(23,1),
(23,8),
(23,6),
(24,7),
(24,5),
(24,10),
(25,1),
(25,15),
(25,11),
(26,6),
(26,14),
(26,9),
(27,7),
(27,8),
(27,14),
(28,3),
(28,1),
(28,4),
(29,12),
(29,5),
(29,2),
(30,7),
(30,6),
(30,12),
(31,11),
(31,14),
(31,10),
(32,15),
(32,14),
(32,6),
(33,5),
(33,13),
(33,9),
(34,5),
(34,2),
(34,3),
(35,13),
(35,10),
(35,11),
(36,12),
(36,1),
(36,7),
(37,12),
(37,8),
(37,6),
(38,6),
(38,15),
(38,14),
(39,6),
(39,14),
(39,11),
(40,9),
(40,12),
(40,1),
(41,1),
(41,9),
(41,5),
(42,14),
(42,10),
(42,9),
(43,3),
(43,1),
(43,9),
(44,14),
(44,10),
(44,4),
(45,3),
(45,10),
(45,13),
(46,14),
(46,13),
(46,11),
(47,9),
(47,2),
(47,3),
(48,15),
(48,5),
(48,10),
(49,4),
(49,3),
(49,8),
(50,14),
(50,4),
(50,5);

INSERT INTO applications (application_id, user_id, job_id, status) VALUES
(1,14,60,'offer'),
(2,22,25,'rejected'),
(3,43,48,'offer'),
(4,17,30,'rejected'),
(5,9,12,'rejected'),
(6,14,16,'offer'),
(7,50,36,'rejected'),
(8,4,27,'offer'),
(9,48,52,'offer'),
(10,36,9,'offer'),
(11,28,38,'rejected'),
(12,18,32,'rejected'),
(13,13,28,'offer'),
(14,21,7,'offer'),
(15,37,57,'offer'),
(16,50,56,'offer'),
(17,13,5,'rejected'),
(18,8,24,'offer'),
(19,38,29,'offer'),
(20,41,28,'offer'),
(21,30,28,'rejected'),
(22,45,35,'offer'),
(23,43,5,'offer'),
(24,39,43,'offer'),
(25,6,17,'rejected'),
(26,44,26,'rejected'),
(27,15,24,'rejected'),
(28,37,25,'rejected'),
(29,46,53,'offer'),
(30,15,60,'offer'),
(31,1,55,'rejected'),
(32,17,27,'offer'),
(33,14,51,'offer'),
(34,16,25,'offer'),
(35,21,33,'rejected'),
(36,7,4,'offer'),
(37,16,5,'rejected'),
(38,49,52,'offer'),
(39,28,2,'offer'),
(40,10,56,'rejected'),
(41,25,49,'rejected'),
(42,45,37,'offer'),
(43,9,28,'offer'),
(44,50,44,'rejected'),
(45,23,10,'offer'),
(46,25,47,'offer'),
(47,7,22,'rejected'),
(48,19,24,'rejected'),
(49,19,15,'rejected'),
(50,3,2,'rejected'),
(51,28,25,'rejected'),
(52,40,29,'offer'),
(53,25,20,'rejected'),
(54,47,31,'offer'),
(55,25,18,'offer'),
(56,39,32,'offer'),
(57,4,34,'offer'),
(58,42,17,'rejected'),
(59,20,38,'rejected'),
(60,48,39,'rejected'),
(61,21,39,'offer'),
(62,6,35,'rejected'),
(63,1,1,'rejected'),
(64,8,15,'rejected'),
(65,35,5,'rejected'),
(66,4,4,'rejected'),
(67,32,32,'rejected'),
(68,13,18,'rejected'),
(69,36,49,'offer'),
(70,30,52,'rejected'),
(71,35,6,'rejected'),
(72,32,25,'rejected'),
(73,9,40,'rejected'),
(74,2,5,'rejected'),
(75,48,57,'offer'),
(76,23,42,'offer'),
(77,12,57,'rejected'),
(78,49,54,'offer'),
(79,41,42,'rejected'),
(80,18,20,'offer');

INSERT INTO application_logs (log_id, application_id, status, updated_at) VALUES
(1,1,'applied','2025-01-12'),
(2,1,'shortlisted','2025-01-14'),
(3,1,'interview','2025-01-16'),
(4,1,'offer','2025-01-18'),
(5,2,'applied','2025-01-03'),
(6,2,'shortlisted','2025-01-05'),
(7,2,'rejected','2025-01-07'),
(8,3,'applied','2025-01-10'),
(9,3,'offer','2025-01-12'),
(10,4,'applied','2025-01-08'),
(11,4,'shortlisted','2025-01-10'),
(12,4,'rejected','2025-01-12'),
(13,5,'applied','2025-01-10'),
(14,5,'shortlisted','2025-01-12'),
(15,5,'interview','2025-01-14'),
(16,5,'rejected','2025-01-16'),
(17,6,'applied','2025-01-12'),
(18,6,'shortlisted','2025-01-14'),
(19,6,'interview','2025-01-16'),
(20,6,'offer','2025-01-18'),
(21,7,'applied','2025-01-13'),
(22,7,'rejected','2025-01-15'),
(23,8,'applied','2025-01-04'),
(24,8,'offer','2025-01-06'),
(25,9,'applied','2025-01-01'),
(26,9,'shortlisted','2025-01-03'),
(27,9,'interview','2025-01-05'),
(28,9,'offer','2025-01-07'),
(29,10,'applied','2025-01-16'),
(30,10,'offer','2025-01-18'),
(31,11,'applied','2025-01-05'),
(32,11,'rejected','2025-01-07'),
(33,12,'applied','2025-01-18'),
(34,12,'shortlisted','2025-01-20'),
(35,12,'rejected','2025-01-22'),
(36,13,'applied','2025-01-21'),
(37,13,'shortlisted','2025-01-23'),
(38,13,'interview','2025-01-25'),
(39,13,'offer','2025-01-27'),
(40,14,'applied','2025-01-01'),
(41,14,'offer','2025-01-03'),
(42,15,'applied','2025-01-12'),
(43,15,'shortlisted','2025-01-14'),
(44,15,'interview','2025-01-16'),
(45,15,'offer','2025-01-18'),
(46,16,'applied','2025-01-11'),
(47,16,'shortlisted','2025-01-13'),
(48,16,'offer','2025-01-15'),
(49,17,'applied','2025-01-07'),
(50,17,'rejected','2025-01-09'),
(51,18,'applied','2025-01-19'),
(52,18,'offer','2025-01-21'),
(53,19,'applied','2025-01-11'),
(54,19,'offer','2025-01-13'),
(55,20,'applied','2025-01-12'),
(56,20,'shortlisted','2025-01-14'),
(57,20,'interview','2025-01-16'),
(58,20,'offer','2025-01-18'),
(59,21,'applied','2025-01-03'),
(60,21,'shortlisted','2025-01-05'),
(61,21,'rejected','2025-01-07'),
(62,22,'applied','2025-01-02'),
(63,22,'shortlisted','2025-01-04'),
(64,22,'offer','2025-01-06'),
(65,23,'applied','2025-01-08'),
(66,23,'shortlisted','2025-01-10'),
(67,23,'offer','2025-01-12'),
(68,24,'applied','2025-01-12'),
(69,24,'shortlisted','2025-01-14'),
(70,24,'interview','2025-01-16'),
(71,24,'offer','2025-01-18'),
(72,25,'applied','2025-01-05'),
(73,25,'shortlisted','2025-01-07'),
(74,25,'interview','2025-01-09'),
(75,25,'rejected','2025-01-11'),
(76,26,'applied','2025-01-09'),
(77,26,'shortlisted','2025-01-11'),
(78,26,'interview','2025-01-13'),
(79,26,'rejected','2025-01-15'),
(80,27,'applied','2025-01-11'),
(81,27,'shortlisted','2025-01-13'),
(82,27,'interview','2025-01-15'),
(83,27,'rejected','2025-01-17'),
(84,28,'applied','2025-01-20'),
(85,28,'shortlisted','2025-01-22'),
(86,28,'interview','2025-01-24'),
(87,28,'rejected','2025-01-26'),
(88,29,'applied','2025-01-19'),
(89,29,'shortlisted','2025-01-21'),
(90,29,'interview','2025-01-23'),
(91,29,'offer','2025-01-25'),
(92,30,'applied','2025-01-04'),
(93,30,'shortlisted','2025-01-06'),
(94,30,'offer','2025-01-08'),
(95,31,'applied','2025-01-17'),
(96,31,'shortlisted','2025-01-19'),
(97,31,'interview','2025-01-21'),
(98,31,'rejected','2025-01-23'),
(99,32,'applied','2025-01-07'),
(100,32,'offer','2025-01-09'),
(101,33,'applied','2025-01-15'),
(102,33,'shortlisted','2025-01-17'),
(103,33,'offer','2025-01-19'),
(104,34,'applied','2025-01-11'),
(105,34,'offer','2025-01-13'),
(106,35,'applied','2025-01-09'),
(107,35,'rejected','2025-01-11'),
(108,36,'applied','2025-01-17'),
(109,36,'shortlisted','2025-01-19'),
(110,36,'interview','2025-01-21'),
(111,36,'offer','2025-01-23'),
(112,37,'applied','2025-01-13'),
(113,37,'shortlisted','2025-01-15'),
(114,37,'rejected','2025-01-17'),
(115,38,'applied','2025-01-05'),
(116,38,'shortlisted','2025-01-07'),
(117,38,'offer','2025-01-09'),
(118,39,'applied','2025-01-03'),
(119,39,'shortlisted','2025-01-05'),
(120,39,'interview','2025-01-07'),
(121,39,'offer','2025-01-09'),
(122,40,'applied','2025-01-18'),
(123,40,'shortlisted','2025-01-20'),
(124,40,'interview','2025-01-22'),
(125,40,'rejected','2025-01-24'),
(126,41,'applied','2025-01-08'),
(127,41,'rejected','2025-01-10'),
(128,42,'applied','2025-01-15'),
(129,42,'shortlisted','2025-01-17'),
(130,42,'interview','2025-01-19'),
(131,42,'offer','2025-01-21'),
(132,43,'applied','2025-01-10'),
(133,43,'offer','2025-01-12'),
(134,44,'applied','2025-01-14'),
(135,44,'shortlisted','2025-01-16'),
(136,44,'interview','2025-01-18'),
(137,44,'rejected','2025-01-20'),
(138,45,'applied','2025-01-17'),
(139,45,'offer','2025-01-19'),
(140,46,'applied','2025-01-16'),
(141,46,'shortlisted','2025-01-18'),
(142,46,'interview','2025-01-20'),
(143,46,'offer','2025-01-22'),
(144,47,'applied','2025-01-21'),
(145,47,'shortlisted','2025-01-23'),
(146,47,'interview','2025-01-25'),
(147,47,'rejected','2025-01-27'),
(148,48,'applied','2025-01-10'),
(149,48,'shortlisted','2025-01-12'),
(150,48,'rejected','2025-01-14'),
(151,49,'applied','2025-01-14'),
(152,49,'rejected','2025-01-16'),
(153,50,'applied','2025-01-01'),
(154,50,'rejected','2025-01-03'),
(155,51,'applied','2025-01-06'),
(156,51,'shortlisted','2025-01-08'),
(157,51,'interview','2025-01-10'),
(158,51,'rejected','2025-01-12'),
(159,52,'applied','2025-01-20'),
(160,52,'shortlisted','2025-01-22'),
(161,52,'offer','2025-01-24'),
(162,53,'applied','2025-01-15'),
(163,53,'shortlisted','2025-01-17'),
(164,53,'interview','2025-01-19'),
(165,53,'rejected','2025-01-21'),
(166,54,'applied','2025-01-05'),
(167,54,'shortlisted','2025-01-07'),
(168,54,'offer','2025-01-09'),
(169,55,'applied','2025-01-06'),
(170,55,'shortlisted','2025-01-08'),
(171,55,'interview','2025-01-10'),
(172,55,'offer','2025-01-12'),
(173,56,'applied','2025-01-06'),
(174,56,'shortlisted','2025-01-08'),
(175,56,'offer','2025-01-10'),
(176,57,'applied','2025-01-15'),
(177,57,'shortlisted','2025-01-17'),
(178,57,'interview','2025-01-19'),
(179,57,'offer','2025-01-21'),
(180,58,'applied','2025-01-06'),
(181,58,'shortlisted','2025-01-08'),
(182,58,'interview','2025-01-10'),
(183,58,'rejected','2025-01-12'),
(184,59,'applied','2025-01-13'),
(185,59,'shortlisted','2025-01-15'),
(186,59,'rejected','2025-01-17'),
(187,60,'applied','2025-01-03'),
(188,60,'rejected','2025-01-05'),
(189,61,'applied','2025-01-02'),
(190,61,'shortlisted','2025-01-04'),
(191,61,'interview','2025-01-06'),
(192,61,'offer','2025-01-08'),
(193,62,'applied','2025-01-15'),
(194,62,'shortlisted','2025-01-17'),
(195,62,'rejected','2025-01-19'),
(196,63,'applied','2025-01-06'),
(197,63,'shortlisted','2025-01-08'),
(198,63,'rejected','2025-01-10'),
(199,64,'applied','2025-01-11'),
(200,64,'rejected','2025-01-13'),
(201,65,'applied','2025-01-20'),
(202,65,'shortlisted','2025-01-22'),
(203,65,'rejected','2025-01-24'),
(204,66,'applied','2025-01-10'),
(205,66,'shortlisted','2025-01-12'),
(206,66,'interview','2025-01-14'),
(207,66,'rejected','2025-01-16'),
(208,67,'applied','2025-01-19'),
(209,67,'rejected','2025-01-21'),
(210,68,'applied','2025-01-10'),
(211,68,'shortlisted','2025-01-12'),
(212,68,'interview','2025-01-14'),
(213,68,'rejected','2025-01-16'),
(214,69,'applied','2025-01-20'),
(215,69,'shortlisted','2025-01-22'),
(216,69,'offer','2025-01-24'),
(217,70,'applied','2025-01-08'),
(218,70,'shortlisted','2025-01-10'),
(219,70,'rejected','2025-01-12'),
(220,71,'applied','2025-01-12'),
(221,71,'rejected','2025-01-14'),
(222,72,'applied','2025-01-03'),
(223,72,'shortlisted','2025-01-05'),
(224,72,'interview','2025-01-07'),
(225,72,'rejected','2025-01-09'),
(226,73,'applied','2025-01-15'),
(227,73,'rejected','2025-01-17'),
(228,74,'applied','2025-01-03'),
(229,74,'shortlisted','2025-01-05'),
(230,74,'rejected','2025-01-07'),
(231,75,'applied','2025-01-03'),
(232,75,'shortlisted','2025-01-05'),
(233,75,'interview','2025-01-07'),
(234,75,'offer','2025-01-09'),
(235,76,'applied','2025-01-14'),
(236,76,'shortlisted','2025-01-16'),
(237,76,'interview','2025-01-18'),
(238,76,'offer','2025-01-20'),
(239,77,'applied','2025-01-20'),
(240,77,'shortlisted','2025-01-22'),
(241,77,'rejected','2025-01-24'),
(242,78,'applied','2025-01-06'),
(243,78,'offer','2025-01-08'),
(244,79,'applied','2025-01-09'),
(245,79,'shortlisted','2025-01-11'),
(246,79,'rejected','2025-01-13'),
(247,80,'applied','2025-01-12'),
(248,80,'shortlisted','2025-01-14'),
(249,80,'interview','2025-01-16'),
(250,80,'offer','2025-01-18');